first_name,last_name,email,ssn,phone_number,tenant_type_id
Ritchie,Verryan,rverryan0@live.com,288-29-3945,8013732416,1
Karoline,Sterndale,ksterndale1@samsung.com,857-52-2490,8012762654,1
Uta,Hitscher,uhitscher2@nature.com,312-06-0790,8017601694,1
Mariele,Lamba,mlamba3@bandcamp.com,742-53-8498,8018255105,1
Amandy,Cambridge,acambridge4@senate.gov,491-74-6651,8013054263,1
Terra,Rignoldes,trignoldes5@tinypic.com,256-88-0893,8011512792,1
Neile,Atton,natton6@cam.ac.uk,228-70-3330,8013285837,1
Teodoro,Medland,tmedland7@google.cn,733-26-8709,8016543743,1
Sinclair,Bayston,sbayston8@forbes.com,378-94-6850,8016834128,1
Lorrie,Bridgement,lbridgement9@ucsd.edu,368-19-5099,8013170742,1
Claudianus,McIlvenny,cmcilvennya@engadget.com,252-78-2297,8018708568,1
Danell,Bellenie,dbellenieb@bigcartel.com,470-69-3497,8018859035,1
Pepillo,Cresser,pcresserc@fastcompany.com,640-79-2681,8018749635,1
Abbey,Zecchinelli,azecchinellid@wordpress.com,220-88-7701,8017611230,1
Morrie,Pendrich,mpendriche@nih.gov,427-31-9904,8013623258,1
Angelique,Thomas,athomasf@123-reg.co.uk,311-55-2330,8015569299,1
Anne,Sangwine,asangwineg@feedburner.com,148-20-9822,8016963057,1
Mikel,Wheeliker,mwheelikerh@printfriendly.com,336-04-8657,8019421430,1
Dylan,Willshee,dwillsheei@cnn.com,840-92-1172,8015777747,1
Gino,Everest,geverestj@tinypic.com,146-65-8087,8016063211,1
Staford,Windibank,swindibankk@miitbeian.gov.cn,413-64-6367,8011339911,1
Dacie,Youens,dyouensl@privacy.gov.au,290-31-4694,8018197890,1
Ilka,Flowith,iflowithm@spiegel.de,560-73-0381,8019228775,1
Frankie,Chicchelli,fchicchellin@t-online.de,137-81-3316,8017288478,1
Jonathon,Guinery,jguineryo@mashable.com,540-82-3577,8013861450,1
Maire,Dyson,mdysonp@economist.com,772-60-3252,8014339004,1
Ava,O'Donnell,aodonnellq@webmd.com,526-45-2290,8015524193,1
Kendra,Joskovitch,kjoskovitchr@lulu.com,338-45-1551,8013175762,1
Mendy,Heino,mheinos@purevolume.com,552-17-7314,8019903650,1
Jacky,Willbond,jwillbondt@weather.com,821-74-2878,8016228562,1
Merline,Oakenford,moakenfordu@desdev.cn,820-02-3710,8012904163,1
Andra,Millard,amillardv@amazon.de,245-48-1260,8012665560,1
Shannah,Whittam,swhittamw@marketwatch.com,568-81-4000,8019906603,1
Rodrique,Southworth,rsouthworthx@cbslocal.com,267-57-2022,8017370860,1
Craig,Hadfield,chadfieldy@latimes.com,446-08-4400,8015440290,1
Tymothy,Wogdon,twogdonz@surveymonkey.com,601-30-7053,8011085185,1
Bevon,Bagshawe,bbagshawe10@hatena.ne.jp,773-85-3741,8014069414,1
Svend,Bygraves,sbygraves11@naver.com,220-31-6490,8015549060,1
Brittaney,Stirling,bstirling12@hexun.com,823-20-9916,8015460112,1
Gustavo,Dollen,gdollen13@goo.gl,785-46-1370,8019007725,1
Natalya,Szymanzyk,nszymanzyk14@blinklist.com,855-81-6104,8015069538,1
Sidoney,Pluck,spluck15@cdc.gov,819-89-2207,8011825558,1
Nita,Parrett,nparrett16@myspace.com,753-86-7587,8017427109,1
Danette,Mufford,dmufford17@weebly.com,599-55-7709,8016017331,1
Rosa,Fryer,rfryer18@parallels.com,218-18-7424,8011915760,1
Vanya,Jedryka,vjedryka19@dot.gov,855-17-5536,8017279455,1
Adams,Macklin,amacklin1a@studiopress.com,832-58-2026,8011053193,1
Gino,Grevile,ggrevile1b@uiuc.edu,512-17-0539,8019521231,1
Neville,Pavey,npavey1c@posterous.com,279-28-9844,8011273122,1
Rossie,Scrymgeour,rscrymgeour1d@about.me,569-63-1678,8011896101,1
Nikaniki,Yeandel,nyeandel1e@flavors.me,755-66-3152,8016206529,1
Adrian,Polkinhorn,apolkinhorn1f@google.de,809-11-1592,8018332900,1
Gabriele,Sivill,gsivill1g@wunderground.com,205-07-2820,8012462912,1
Charlotte,Cunniffe,ccunniffe1h@example.com,341-36-4139,8019567100,1
Darn,Claypole,dclaypole1i@e-recht24.de,516-44-6426,8017911532,1
Casey,Eaden,ceaden1j@nature.com,874-02-9207,8017672066,1
Seline,Mussolini,smussolini1k@biblegateway.com,728-85-0718,8012462669,1
Millie,Woolam,mwoolam1l@godaddy.com,693-68-7910,8013090302,1
Carce,Paladino,cpaladino1m@deliciousdays.com,513-58-9999,8011348865,1
Emmanuel,Sumpner,esumpner1n@ovh.net,542-90-8360,8014164704,1
Frankie,Hamilton,fhamilton1o@icq.com,530-29-5796,8017120743,1
Allard,Dmitrovic,admitrovic1p@google.com.au,195-66-1024,8016855443,1
Royce,de Cullip,rdecullip1q@bizjournals.com,737-72-5984,8011854838,1
Lory,Mabbett,lmabbett1r@yandex.ru,114-65-8089,8013415972,1
Forester,Leasor,fleasor1s@usnews.com,320-79-0023,8014924429,1
Candide,Daber,cdaber1t@networksolutions.com,625-67-9206,8012145556,1
Alphard,Bottomore,abottomore1u@patch.com,672-50-3613,8014940882,1
Berrie,Nangle,bnangle1v@mozilla.org,697-93-7936,8015345394,1
Alfy,Shellshear,ashellshear1w@mapy.cz,819-55-8217,8011205237,1
Ody,Udale,oudale1x@bandcamp.com,344-89-6340,8018916973,1
Jessey,Hug,jhug1y@domainmarket.com,262-58-5258,8018080898,1
Abramo,holmes,aholmes1z@cafepress.com,148-38-2926,8013380925,1
Haven,Glusby,hglusby20@salon.com,288-82-3651,8011503532,1
Lacy,Barukh,lbarukh21@taobao.com,815-92-9203,8013408269,1
Shannah,Nashe,snashe22@psu.edu,314-44-3496,8014762326,1
Bobby,Mellodey,bmellodey23@hc360.com,103-36-0240,8019851667,1
Mill,McLarens,mmclarens24@goo.gl,419-08-3440,8016781228,1
Dolores,Jaksic,djaksic25@ustream.tv,704-56-7287,8014276671,1
Anya,Lansbury,alansbury26@mit.edu,826-78-8444,8012900205,1
Doralyn,Askaw,daskaw27@mediafire.com,283-07-4173,8015992972,1
Rosalia,Whitfield,rwhitfield28@unblog.fr,563-12-0741,8018156488,1
Warren,Trowsdale,wtrowsdale29@feedburner.com,345-78-0778,8011585654,1
Bethany,Tarr,btarr2a@businesswire.com,811-40-7720,8013065825,1
Joy,Fuller,jfuller2b@google.com,547-21-8488,8016946441,1
Tamas,Reilingen,treilingen2c@apple.com,403-18-2570,8011903727,1
Pepi,Angelini,pangelini2d@opera.com,147-14-1434,8011804947,1
Korella,Hollow,khollow2e@istockphoto.com,489-97-7107,8013486724,1
Reggie,Tapper,rtapper2f@phoca.cz,294-81-2337,8016759926,1
Rurik,De Vaar,rdevaar2g@macromedia.com,224-46-6881,8014453609,1
Jamima,Rillstone,jrillstone2h@miibeian.gov.cn,282-50-2241,8012810525,1
Natal,Berney,nberney2i@ucoz.ru,375-43-3557,8015046692,1
Perle,Prene,pprene2j@eventbrite.com,297-50-7069,8013387529,1
Wyatt,Stolte,wstolte2k@mit.edu,798-56-5754,8017393048,1
Tova,Abba,tabba2l@reuters.com,845-21-9890,8018884615,1
Benedetta,Courtonne,bcourtonne2m@upenn.edu,713-82-8696,8016285768,1
Lothario,Longhi,llonghi2n@tinypic.com,566-21-6058,8013689600,1
Kiah,Cummungs,kcummungs2o@mozilla.org,210-22-0902,8012465208,1
Norman,Howse,nhowse2p@fotki.com,712-72-6013,8015715694,1
Tobi,Westnedge,twestnedge2q@scribd.com,768-75-0136,8018400241,1
Ottilie,Van Arsdale,ovanarsdale2r@loc.gov,109-71-9321,8018432743,1
Sadye,Boorn,sboorn2s@barnesandnoble.com,488-34-4175,8016569503,1
Rustin,Treagust,rtreagust2t@tripadvisor.com,536-90-0328,8015398487,1
Chastity,Hannaford,channaford2u@sina.com.cn,109-21-3819,8014262709,1
Andre,De Atta,adeatta2v@smh.com.au,819-30-5494,8012321673,1
Orelle,Cohen,ocohen2w@yandex.ru,247-21-4432,8019210260,1
Kamilah,Bleasby,kbleasby2x@japanpost.jp,203-93-9173,8015428728,1
Welby,Lack,wlack2y@tuttocitta.it,208-42-1490,8014385662,1
Frederic,Wandrich,fwandrich2z@phoca.cz,288-80-4841,8016914574,1
Hermine,Fears,hfears30@i2i.jp,866-23-6243,8011923315,1
Caren,Pippard,cpippard31@techcrunch.com,210-21-8620,8012238806,1
Abigale,Curtois,acurtois32@pbs.org,434-36-0378,8017209573,1
Kitti,Fidgeon,kfidgeon33@usgs.gov,276-88-2624,8016128598,1
Ozzy,Koba,okoba34@sohu.com,483-52-8463,8019038990,1
Aksel,Cossans,acossans35@sitemeter.com,614-11-6517,8013984950,1
Katusha,Batchelder,kbatchelder36@mtv.com,327-28-1693,8012270574,1
Bink,Marcham,bmarcham37@ow.ly,167-34-2800,8015788942,1
Mariellen,Coneley,mconeley38@phpbb.com,572-11-2483,8012984039,1
Tobi,Skeel,tskeel39@ameblo.jp,721-24-5996,8012507981,1
Christa,Johnson,cjohnson3a@globo.com,229-16-5185,8016136050,1
Krissy,Scarse,kscarse3b@geocities.com,386-09-3677,8015002051,1
Faydra,Tort,ftort3c@paginegialle.it,378-84-5123,8015716474,1
Karol,McHarry,kmcharry3d@dion.ne.jp,836-16-4606,8015429967,1
Marj,Flaonier,mflaonier3e@biblegateway.com,534-45-0084,8017404632,1
Lilian,Marikhin,lmarikhin3f@51.la,455-93-9033,8011155620,1
Atalanta,McGillecole,amcgillecole3g@scientificamerican.com,290-87-0763,8013725550,1
Jaye,Hoggin,jhoggin3h@ezinearticles.com,792-64-2166,8011154230,1
Ruthie,Giraudou,rgiraudou3i@squarespace.com,461-67-4360,8011706204,1
Diannne,Winman,dwinman3j@typepad.com,755-16-3136,8014918595,1
Shayla,Currom,scurrom3k@cargocollective.com,775-23-6968,8013031776,1
Brigg,Farriar,bfarriar3l@phpbb.com,564-56-9637,8013865341,1
Wendall,Jakoubec,wjakoubec3m@msn.com,746-84-6665,8016701898,1
Ilse,Cornock,icornock3n@ibm.com,854-57-3320,8015241171,1
Karena,Punter,kpunter3o@huffingtonpost.com,833-44-1921,8014186909,1
Elston,Drinnan,edrinnan3p@globo.com,873-30-9424,8018529118,1
Timotheus,Exroll,texroll3q@odnoklassniki.ru,251-71-1760,8017084098,1
Jolie,Drewe,jdrewe3r@hubpages.com,577-03-8568,8014354793,1
Asia,Andrusov,aandrusov3s@abc.net.au,310-93-0096,8017273957,1
Amity,Ridgley,aridgley3t@google.com.hk,321-58-6562,8015892633,1
Sondra,Fraczak,sfraczak3u@jalbum.net,468-81-3255,8019576435,1
Alvy,Darbon,adarbon3v@blogger.com,396-12-8025,8012772156,1
Buckie,Fardoe,bfardoe3w@nyu.edu,590-07-0219,8016907179,1
Skippie,Dict,sdict3x@artisteer.com,416-79-6046,8017484206,1
Bondon,Steers,bsteers3y@youku.com,392-43-2122,8017933793,1
Grantley,Schaben,gschaben3z@state.gov,727-13-1077,8014287206,1
Joeann,Leaning,jleaning40@addthis.com,271-73-5508,8017232082,1
Leonid,Dolphin,ldolphin41@sina.com.cn,740-30-3547,8013285322,1
Wilmar,Bowdery,wbowdery42@sciencedirect.com,471-46-5778,8012828170,1
Walden,Pusey,wpusey43@1und1.de,238-97-3351,8019995540,1
Anatola,McFadin,amcfadin44@liveinternet.ru,737-76-8347,8011037506,1
Ambrose,Paaso,apaaso45@buzzfeed.com,848-21-8331,8014236007,1
Nelie,Geelan,ngeelan46@mtv.com,460-41-4933,8012409722,1
Cammy,Rendle,crendle47@moonfruit.com,437-94-1936,8015458019,1
Theadora,Cawthry,tcawthry48@nationalgeographic.com,650-13-9561,8013256463,1
Eva,Melin,emelin49@php.net,559-06-7458,8011716385,1
Travis,McGooch,tmcgooch4a@jugem.jp,758-81-4804,8017321016,1
Griff,Horley,ghorley4b@t-online.de,427-55-0621,8017950681,1
Maryellen,Jullian,mjullian4c@yellowpages.com,857-79-0639,8014041231,1
Constantino,Doodney,cdoodney4d@who.int,779-76-6219,8011204838,1
Dorie,Mousby,dmousby4e@zdnet.com,325-48-7931,8012046929,1
Val,Thirsk,vthirsk4f@slate.com,296-60-4656,8011952407,1
Viki,Higounet,vhigounet4g@51.la,561-69-5762,8017041648,1
Ambros,Pithcock,apithcock4h@dell.com,886-55-3901,8011304292,1
Colin,Tyhurst,ctyhurst4i@liveinternet.ru,468-78-7547,8016155455,1
Ofella,Pigram,opigram4j@histats.com,874-71-6472,8018078312,1
Ferdinanda,Disbrey,fdisbrey4k@utexas.edu,472-26-0555,8012017322,1
Mollie,Mooring,mmooring4l@spotify.com,186-98-2026,8012168118,1
Gar,Arnell,garnell4m@ustream.tv,609-48-1895,8016792733,1
Dannie,Slinger,dslinger4n@chron.com,205-01-4138,8019452242,1
Alfie,Pesic,apesic4o@google.co.jp,650-95-6328,8012628536,1
Elysee,Bellon,ebellon4p@theglobeandmail.com,204-42-2287,8019381691,1
Coleen,Derx,cderx4q@wisc.edu,557-27-8089,8018658621,1
Hope,Lammerts,hlammerts4r@kickstarter.com,509-55-6477,8013637808,1
Tonnie,Skipsey,tskipsey4s@abc.net.au,899-07-1304,8016831841,1
Vilma,Kordas,vkordas4t@netvibes.com,554-58-9417,8016010266,1
Winna,Bree,wbree4u@sitemeter.com,831-34-9394,8017505252,1
Lenard,Steanyng,lsteanyng4v@jugem.jp,858-78-4556,8015962566,1
Abigale,Conville,aconville4w@engadget.com,257-44-2975,8012100362,1
Roxi,Jorissen,rjorissen4x@netscape.com,387-16-3980,8012538286,1
Philbert,Wands,pwands4y@chronoengine.com,527-26-7159,8018259384,1
Adrian,Gurery,agurery4z@creativecommons.org,449-06-2282,8018961235,1
Marwin,Jonczyk,mjonczyk50@ehow.com,838-96-8972,8019389893,1
Cornela,Alanbrooke,calanbrooke51@scientificamerican.com,701-86-1639,8018357685,1
Edythe,Hodcroft,ehodcroft52@businessweek.com,807-85-7544,8018174184,1
Dion,Matskevich,dmatskevich53@moonfruit.com,602-31-6461,8014133834,1
Benny,Carnegie,bcarnegie54@tamu.edu,219-77-5152,8019999691,1
Reiko,Pesselt,rpesselt55@wix.com,156-20-7782,8017853434,1
Selene,Hemerijk,shemerijk56@ning.com,154-16-4830,8019086436,1
Alexandro,Vinall,avinall57@lulu.com,789-27-1848,8014881579,1
Raynard,Camber,rcamber58@privacy.gov.au,454-76-7582,8018427389,1
Emelina,Kardos,ekardos59@squidoo.com,345-28-5239,8016484698,1
Betteann,Grestie,bgrestie5a@whitehouse.gov,352-81-7655,8019305659,1
Galina,Vyvyan,gvyvyan5b@eepurl.com,368-94-7901,8012440883,1
Valencia,Bavester,vbavester5c@theglobeandmail.com,249-10-4841,8015377143,1
Serge,Bass,sbass5d@irs.gov,602-27-0824,8019276623,1
Lombard,Adriaan,ladriaan5e@netlog.com,283-11-5355,8016630245,1
Frasquito,Glencrosche,fglencrosche5f@columbia.edu,344-05-7970,8018137547,1
Ashleigh,Durbann,adurbann5g@macromedia.com,486-86-9481,8014625633,1
Emmy,Calfe,ecalfe5h@apache.org,614-20-4210,8014319677,1
Royce,Clurow,rclurow5i@skyrock.com,351-37-8874,8018277493,1
Osborne,Plover,oplover5j@hud.gov,433-40-2609,8019300672,1
Clarie,Windram,cwindram5k@scientificamerican.com,143-32-0752,8012134774,1
Adrian,Sawer,asawer5l@51.la,467-61-6369,8015271086,1
Redford,Schnieder,rschnieder5m@vkontakte.ru,661-47-7054,8017162443,1
Godfry,Heritege,gheritege5n@baidu.com,217-29-6801,8012165610,1
Alphard,Hedger,ahedger5o@apple.com,878-94-4463,8014022730,1
Jenilee,Courtenay,jcourtenay5p@goo.gl,738-11-7250,8017194327,1
Celine,Renehan,crenehan5q@china.com.cn,756-90-3704,8018856383,1
Arnaldo,Lessmare,alessmare5r@springer.com,500-42-1592,8016873962,1
Kristofor,Bartelet,kbartelet5s@ycombinator.com,674-13-9700,8011563914,1
Siward,Latan,slatan5t@admin.ch,173-12-6095,8011559128,1
Shanan,Hempel,shempel5u@auda.org.au,750-56-6617,8016586852,1
Mignon,Epperson,mepperson5v@google.it,704-35-4496,8012473580,1
Ryann,Drover,rdrover5w@prlog.org,376-19-5235,8016188991,1
Cecil,Burleigh,cburleigh5x@ocn.ne.jp,110-01-0912,8011241464,1
Louisa,Judkin,ljudkin5y@istockphoto.com,572-80-7348,8016237641,1
Gerik,Mityashev,gmityashev5z@trellian.com,403-07-1422,8011918565,1
Robers,Cowe,rcowe60@blinklist.com,663-83-8690,8014484876,1
Aloysia,Bester,abester61@unblog.fr,441-89-1097,8015523562,1
Dalenna,Boncore,dboncore62@businessinsider.com,867-62-6063,8011348787,1
Martie,McBrearty,mmcbrearty63@t.co,414-35-9090,8017069270,1
Lonny,Bew,lbew64@theglobeandmail.com,498-18-0605,8013194731,1
Arel,Mountcastle,amountcastle65@ow.ly,546-71-9613,8015093898,1
Hannie,Van Der Weedenburg,hvanderweedenburg66@tamu.edu,279-51-3773,8018116579,1
Maddy,Biddlecombe,mbiddlecombe67@1und1.de,610-73-8524,8013692295,1
Osgood,Dunton,odunton68@macromedia.com,308-12-0839,8014217971,1
Bennie,Beaulieu,bbeaulieu69@japanpost.jp,808-09-2679,8017047199,1
Shane,Cuddy,scuddy6a@jimdo.com,333-70-3413,8016460492,1
Caro,Nan Carrow,cnancarrow6b@amazon.de,192-54-5628,8019610260,1
Sharline,Marthen,smarthen6c@tmall.com,418-37-8387,8019884443,1
Gaile,Godard,ggodard6d@google.ca,576-82-1561,8014688511,1
Frederick,Mathely,fmathely6e@sakura.ne.jp,588-02-6053,8013952962,1
Juliane,McQuin,jmcquin6f@bigcartel.com,270-58-2449,8016583512,1
Alexandr,Spitaro,aspitaro6g@lycos.com,173-06-8484,8018512854,1
Kristel,Aleixo,kaleixo6h@sciencedirect.com,335-98-4465,8015166479,1
Galvan,Karolewski,gkarolewski6i@google.cn,762-51-7306,8013655058,1
Devin,Matczak,dmatczak6j@ibm.com,718-78-4247,8012505892,1
Dionne,Danilovitch,ddanilovitch6k@rakuten.co.jp,504-99-1449,8019245910,1
Ricca,Russel,rrussel6l@hibu.com,399-10-8264,8018648749,1
Bartram,Manna,bmanna6m@quantcast.com,526-73-9027,8016958381,1
Sergio,Adamovitch,sadamovitch6n@amazon.co.uk,770-06-1820,8019901813,1
Colby,Cheney,ccheney6o@ed.gov,493-88-1041,8014803337,1
Merrily,Schowenburg,mschowenburg6p@marriott.com,577-85-1261,8019612861,1
Ulric,Fassam,ufassam6q@time.com,764-61-7727,8014160782,1
Jessy,Akenhead,jakenhead6r@yelp.com,182-47-1007,8011451938,1
Bibbie,Coltart,bcoltart6s@cbc.ca,750-20-5836,8019311113,1
Jeanie,Roskruge,jroskruge6t@mediafire.com,239-52-0529,8015192604,1
Karalynn,Pascow,kpascow6u@geocities.jp,481-10-8554,8019466364,1
Chadwick,Pleuman,cpleuman6v@trellian.com,217-79-8966,8014993184,1
Britta,Searles,bsearles6w@webmd.com,125-72-0024,8013301462,1
Nadeen,Hyams,nhyams6x@yolasite.com,554-88-8042,8016243710,1
Tanney,Hatliffe,thatliffe6y@hostgator.com,275-11-1250,8012318650,1
Dewitt,Oliver-Paull,doliverpaull6z@amazon.co.uk,292-98-1617,8018694770,1
Ethelbert,Alastair,ealastair70@mozilla.com,667-90-4567,8016394790,1
Chandal,Tommaseo,ctommaseo71@dailymotion.com,179-45-0393,8013529443,1
Danyelle,Cassius,dcassius72@baidu.com,490-39-5810,8013251577,1
Gratia,Belliard,gbelliard73@cyberchimps.com,490-55-6501,8015343067,1
Gare,Dumbrell,gdumbrell74@ed.gov,678-23-2032,8015807262,1
Lyle,Van Der Straaten,lvanderstraaten75@godaddy.com,564-80-7491,8019636952,1
Alexina,Martinie,amartinie76@furl.net,234-23-2667,8018276527,1
Marga,Duesbury,mduesbury77@opera.com,452-40-4274,8018583974,1
Golda,Zum Felde,gzumfelde78@infoseek.co.jp,190-39-9332,8019312420,1
Dionysus,Cheesman,dcheesman79@abc.net.au,800-95-2812,8012521268,1
Kane,Iannini,kiannini7a@reuters.com,176-52-2012,8016276391,1
Sadye,Le Page,slepage7b@wsj.com,325-04-6711,8018951887,1
Freida,Andrini,fandrini7c@tumblr.com,547-46-5037,8017945905,1
Sander,Jonuzi,sjonuzi7d@oakley.com,463-80-8520,8018123023,1
Ursola,Hablot,uhablot7e@flickr.com,138-57-4869,8017795694,1
Jourdain,McLenahan,jmclenahan7f@homestead.com,819-61-4200,8012557258,1
Liane,Mara,lmara7g@hud.gov,456-71-2666,8019779006,1
Dot,Muttitt,dmuttitt7h@soup.io,561-51-0379,8019083816,1
Lyndsey,Reder,lreder7i@myspace.com,331-63-9430,8016608851,1
Morrie,Lermit,mlermit7j@paginegialle.it,131-35-7349,8013369812,1
Alexander,O' Mahony,aomahony7k@hexun.com,532-43-2844,8016951501,1
Floris,De Winton,fdewinton7l@icio.us,111-86-2311,8016646526,1
Cathie,Dunstone,cdunstone7m@netlog.com,573-55-4175,8016765527,1
Leeanne,Menis,lmenis7n@qq.com,174-86-0405,8018610459,1
Marven,McQuirk,mmcquirk7o@comsenz.com,890-01-6505,8017180177,1
Gaynor,Worster,gworster7p@cornell.edu,410-11-4381,8016995633,1
Sharline,Straughan,sstraughan7q@cyberchimps.com,469-75-9082,8014526629,1
Anderson,Josofovitz,ajosofovitz7r@phpbb.com,874-24-9996,8018437657,1
Kort,Claiton,kclaiton7s@zimbio.com,179-76-7934,8013704797,1
Nestor,Pepi,npepi7t@huffingtonpost.com,434-60-0042,8015935714,1
Camellia,Skerm,cskerm7u@issuu.com,894-44-4246,8014453910,1
Gerry,Rickell,grickell7v@e-recht24.de,134-68-4467,8012077150,1
Lucais,Antonutti,lantonutti7w@mysql.com,302-08-4988,8014321562,1
Ruthe,Junes,rjunes7x@psu.edu,324-63-3551,8012238552,1
Elfreda,Treffry,etreffry7y@canalblog.com,846-42-6162,8017947033,1
Gan,Headington,gheadington7z@spotify.com,557-86-0485,8014423461,1
Xaviera,Chipps,xchipps80@furl.net,435-64-4398,8013612185,1
Dasha,Rhucroft,drhucroft81@cnet.com,715-30-6981,8019418619,1
Burt,Meltetal,bmeltetal82@twitter.com,725-06-7380,8014647706,1
Andra,Kneebone,akneebone83@icq.com,391-54-1614,8013450222,1
Nance,Blowick,nblowick84@washington.edu,113-40-3506,8013339363,1
Karon,Ricarde,kricarde85@opera.com,340-19-3190,8013340170,1
Giralda,Thomke,gthomke86@icio.us,362-55-5730,8017334250,1
Giulio,Freddi,gfreddi87@simplemachines.org,168-08-0302,8014162316,1
Marcellus,Checci,mchecci88@ycombinator.com,133-18-1561,8018547040,1
Lammond,Yearby,lyearby89@apache.org,608-41-0192,8019398715,1
Arthur,Schnieder,aschnieder8a@marketwatch.com,223-13-1395,8014566234,1
Cecile,Eliesco,celiesco8b@mediafire.com,657-87-5730,8013595876,1
Gerri,Wozencroft,gwozencroft8c@java.com,153-37-6373,8012560411,1
Shannan,Yvens,syvens8d@microsoft.com,310-86-2858,8017521012,1
Brandyn,Rucklidge,brucklidge8e@apple.com,263-17-2746,8015684479,1
Libbey,Horrigan,lhorrigan8f@clickbank.net,758-67-4142,8015818286,1
Willie,Doxsey,wdoxsey8g@webs.com,374-53-9128,8011985923,1
Michell,Thirst,mthirst8h@independent.co.uk,301-33-2939,8017165067,1
Tiphani,Dundon,tdundon8i@npr.org,458-98-1410,8015811056,1
Lorry,Simko,lsimko8j@berkeley.edu,728-52-0630,8016928177,1
Mathew,Hurlston,mhurlston8k@auda.org.au,671-14-7054,8011711269,1
Elvis,Tabbernor,etabbernor8l@intel.com,560-45-9180,8012320139,1
Kipp,Gotecliffe,kgotecliffe8m@umn.edu,357-30-4423,8013412652,1
Melinde,Marchent,mmarchent8n@stanford.edu,483-39-5978,8014003436,1
Lindsy,Merfin,lmerfin8o@economist.com,212-93-1394,8016506736,1
Michelle,Gouldstraw,mgouldstraw8p@technorati.com,125-82-3655,8012483734,1
Paddy,Leng,pleng8q@domainmarket.com,289-05-9928,8012192623,1
Roger,Robbel,rrobbel8r@google.pl,464-35-8482,8013455298,1
Marlon,Tinghill,mtinghill8s@wix.com,130-89-3508,8014792523,1
Bernadine,Samett,bsamett8t@godaddy.com,744-09-7304,8011585841,1
Junina,Abbet,jabbet8u@dailymotion.com,262-65-9022,8016653984,1
Liva,Fidgett,lfidgett8v@miibeian.gov.cn,650-53-9072,8015387334,1
Hortense,McOwan,hmcowan8w@slashdot.org,224-18-5741,8013198910,1
Cobbie,Hooks,chooks8x@dagondesign.com,734-85-1955,8011405927,1
Flin,Campana,fcampana8y@canalblog.com,174-31-5886,8011394570,1
Axel,Thickin,athickin8z@acquirethisname.com,267-61-1899,8011421751,1
Corrinne,Pilipets,cpilipets90@furl.net,150-59-8396,8017830930,1
Isador,Jouannot,ijouannot91@ibm.com,477-29-7489,8015994498,1
Anet,Scampion,ascampion92@wix.com,211-72-0948,8018795221,1
Hunter,Brandenberg,hbrandenberg93@va.gov,660-06-5145,8012959250,1
Deonne,Knappitt,dknappitt94@sbwire.com,261-81-2092,8016053191,1
Swen,Vineall,svineall95@bloglines.com,565-06-6305,8019457733,1
Vi,Brandi,vbrandi96@blogspot.com,438-93-5367,8015130351,1
Aundrea,Kingescot,akingescot97@sun.com,196-83-1956,8016469559,1
Deeanne,Lagde,dlagde98@storify.com,175-18-8209,8016093231,1
Garald,Wilder,gwilder99@oakley.com,275-45-2707,8015843484,1
Bendite,Balston,bbalston9a@comcast.net,575-75-5942,8016830623,1
Nicoline,Bohlmann,nbohlmann9b@auda.org.au,595-06-2293,8019828653,1
Luis,Pestridge,lpestridge9c@seattletimes.com,244-21-1133,8018834839,1
Isabella,Du Pre,idupre9d@hc360.com,355-66-6251,8013105852,1
Cecil,Eglington,ceglington9e@elegantthemes.com,132-95-7185,8015482953,1
Ximenez,Stubbins,xstubbins9f@un.org,680-03-8160,8017318758,1
Horten,Atkyns,hatkyns9g@google.co.uk,881-02-6290,8012818055,1
Heda,Dray,hdray9h@g.co,237-44-5110,8018105189,1
Corbie,Ferrarone,cferrarone9i@constantcontact.com,555-56-5409,8012830503,1
Sophia,Fawthorpe,sfawthorpe9j@utexas.edu,741-19-3682,8014628352,1
Sigismondo,Rafferty,srafferty9k@1688.com,512-91-2646,8019239169,1
Teddie,Baroche,tbaroche9l@narod.ru,557-66-5341,8011608097,1
Armand,Dabel,adabel9m@hud.gov,160-82-4714,8015772689,1
Ninnette,Baxstar,nbaxstar9n@ustream.tv,248-93-8251,8013852161,1
Lindsay,Licas,llicas9o@devhub.com,553-83-7541,8016950717,1
Trista,Swire,tswire9p@craigslist.org,181-16-6141,8013287426,1
Matty,Childers,mchilders9q@wordpress.org,665-94-7213,8011365173,1
Rafael,Vittel,rvittel9r@boston.com,542-91-8336,8018491163,1
Opaline,Punchard,opunchard9s@blogs.com,752-09-4276,8017461491,1
Carmine,Gitsham,cgitsham9t@yahoo.com,214-28-9313,8016722280,1
Burtie,Birtles,bbirtles9u@google.com.hk,719-01-8651,8011819871,1
Sib,Kiledal,skiledal9v@mac.com,806-07-1108,8018452582,1
Umeko,Janning,ujanning9w@stumbleupon.com,314-60-2111,8019936529,1
Tania,Josofovitz,tjosofovitz9x@privacy.gov.au,575-08-7580,8014398009,1
Alvis,Nardrup,anardrup9y@examiner.com,420-30-0748,8019504946,1
Carlin,Kraft,ckraft9z@rakuten.co.jp,624-26-4142,8015049895,1
Jillene,Cotilard,jcotilarda0@macromedia.com,494-74-4930,8016197119,1
Tannie,Warbeys,twarbeysa1@storify.com,698-23-6462,8012706214,2
Stillman,Iacofo,siacofoa2@businessweek.com,800-50-4362,8011944812,2
Colline,Wyllcock,cwyllcocka3@oracle.com,695-30-5144,8016002831,2
Kyle,Hamlett,khamletta4@pinterest.com,898-80-4249,8015720802,2
Hermy,Easterling,heasterlinga5@hugedomains.com,889-55-5441,8016944749,2
Erskine,Nicely,enicelya6@webs.com,573-06-8368,8016820133,2
Hilarius,Sazio,hsazioa7@go.com,334-75-2338,8012993316,2
Dwight,MacLardie,dmaclardiea8@blinklist.com,622-29-7757,8014578777,2
Tabb,Mitchard,tmitcharda9@feedburner.com,113-41-9360,8012658960,2
Fredelia,Bellhouse,fbellhouseaa@indiatimes.com,685-13-2383,8014679926,2
Robbi,Dewan,rdewanab@wsj.com,233-62-9560,8011562466,2
Warren,Baudry,wbaudryac@wikimedia.org,780-08-0217,8016749955,2
Clyde,Fear,cfearad@engadget.com,391-19-4068,8017639014,2
Kizzie,Ganning,kganningae@washington.edu,718-85-5973,8018455490,2
Kristina,Ruzic,kruzicaf@taobao.com,683-64-7556,8016138239,2
Murdoch,Eager,meagerag@economist.com,807-60-7264,8013293234,2
Harriet,Kopf,hkopfah@merriam-webster.com,341-43-4337,8014780476,2
Emalia,Wardhaugh,ewardhaughai@theglobeandmail.com,598-57-7114,8016996220,2
Suzann,Lightewood,slightewoodaj@nps.gov,251-13-9072,8011413016,2
Ham,Carlsson,hcarlssonak@hibu.com,870-15-7642,8016440059,2
Juditha,Schubart,jschubartal@apple.com,255-28-9467,8014166352,2
Eve,Blagbrough,eblagbrougham@patch.com,525-50-4816,8011049188,2
Georgie,Deddum,gdedduman@networksolutions.com,412-16-7469,8014110431,2
Jaymie,O' Flaherty,joflahertyao@bandcamp.com,384-64-0613,8016703125,2
Augustin,Hundey,ahundeyap@g.co,451-37-0784,8012680677,2
Mohandas,Stiger,mstigeraq@desdev.cn,303-10-1293,8016817518,2
Tarrah,Napleton,tnapletonar@ihg.com,555-98-3147,8015780036,2
Melisse,Sterndale,msterndaleas@bizjournals.com,135-02-5353,8017021311,2
Ruthe,Olanda,rolandaat@gnu.org,502-57-4778,8018400306,2
Olva,Beaves,obeavesau@stanford.edu,242-80-4287,8017678938,2
Ruby,Penright,rpenrightav@aboutads.info,386-24-7952,8017995712,2
Osmond,Pallent,opallentaw@dot.gov,521-85-3115,8017128413,2
Gard,Kivelhan,gkivelhanax@unesco.org,251-07-7252,8015470971,2
Daven,Dalman,ddalmanay@berkeley.edu,546-64-8706,8019443583,2
Felicio,Schoroder,fschoroderaz@hugedomains.com,237-48-1835,8014535476,2
Bale,Vinter,bvinterb0@bloomberg.com,570-86-3705,8019407918,2
Madelin,Frankcomb,mfrankcombb1@columbia.edu,146-68-0235,8019668592,2
Monroe,Duprey,mdupreyb2@cam.ac.uk,206-24-7950,8014692878,2
Daune,Allright,dallrightb3@google.it,286-40-4916,8019015461,2
Maura,Boucher,mboucherb4@i2i.jp,209-46-6129,8014854738,2
Betteanne,Koles,bkolesb5@e-recht24.de,668-16-3274,8014832552,2
Avivah,Rosenthaler,arosenthalerb6@discuz.net,138-95-4577,8016451726,2
Consuela,Beeken,cbeekenb7@timesonline.co.uk,803-68-5614,8012393914,2
Larina,Capper,lcapperb8@princeton.edu,222-62-3361,8013200271,2
Rosetta,Purches,rpurchesb9@uol.com.br,499-32-9494,8011397422,2
Danyelle,Duddle,dduddleba@house.gov,746-52-6818,8018631258,2
Leupold,Stannett,lstannettbb@mapquest.com,698-32-6499,8019871031,2
Baldwin,Rockhill,brockhillbc@youtu.be,777-70-0638,8011246273,2
Frannie,Ducket,fducketbd@networksolutions.com,214-77-0407,8015131641,2
Willette,Sinnie,wsinniebe@cdbaby.com,174-24-9681,8015821988,2
Joaquin,Abramski,jabramskibf@odnoklassniki.ru,290-18-9864,8014332474,2
Augusto,Spawforth,aspawforthbg@archive.org,392-27-0429,8016603116,2
Clair,Ilchuk,cilchukbh@goodreads.com,412-26-9010,8013125324,2
Fiona,Lohoar,flohoarbi@omniture.com,339-92-2154,8011603033,2
Danita,Bruhnsen,dbruhnsenbj@mapquest.com,511-41-2120,8016302969,2
Humfrey,Aucock,haucockbk@imdb.com,424-08-9363,8015561942,2
Tony,Seabridge,tseabridgebl@archive.org,142-95-7779,8012274041,2
Nolie,McCrone,nmccronebm@jiathis.com,207-39-3618,8018115064,2
Allin,McKain,amckainbn@earthlink.net,171-30-2555,8014573428,2
Keeley,Jonin,kjoninbo@comcast.net,794-37-8903,8012701152,2
Modestine,Reams,mreamsbp@guardian.co.uk,459-14-4483,8017826225,2
Garvey,Want,gwantbq@psu.edu,872-91-5694,8013181155,2
Tildie,Thewys,tthewysbr@si.edu,447-20-0705,8013536171,2
Jaimie,Ciardo,jciardobs@bravesites.com,625-44-9981,8011177116,2
Katharine,Heintz,kheintzbt@mozilla.com,703-04-2861,8014957825,2
Reilly,Musker,rmuskerbu@bbc.co.uk,605-03-0498,8019094074,2
Harland,Ducrow,hducrowbv@marketwatch.com,175-13-7871,8012309083,2
Ellie,Sparkwill,esparkwillbw@patch.com,868-19-2043,8015503769,2
Demetrius,Ughelli,dughellibx@behance.net,349-86-4093,8015454098,2
Lindsey,Breinl,lbreinlby@reverbnation.com,848-34-3811,8015068094,2
Bertie,Laidel,blaidelbz@smugmug.com,244-84-4063,8017143382,2
Birdie,Gregon,bgregonc0@fda.gov,888-23-5972,8012852326,2
Vachel,Plowman,vplowmanc1@ustream.tv,571-02-2348,8012091605,2
Georges,Rosenbloom,grosenbloomc2@twitpic.com,512-34-5856,8014310058,2
Ella,Twidell,etwidellc3@unicef.org,675-77-8562,8014600612,2
Denny,Holbury,dholburyc4@businessweek.com,100-76-3790,8015439704,2
Jonis,Talbot,jtalbotc5@foxnews.com,109-66-3098,8015464672,2
Helli,Grosvener,hgrosvenerc6@tinyurl.com,856-68-5694,8012947688,2
Rafferty,McDermott-Row,rmcdermottrowc7@hc360.com,550-75-1393,8013855906,2
Bertie,Schrei,bschreic8@ezinearticles.com,425-98-2783,8016611241,2
Shellie,Andriss,sandrissc9@cisco.com,647-22-5010,8019526578,2
Aldrich,Constant,aconstantca@youku.com,892-96-1519,8016167432,2
Eugenius,Duckham,educkhamcb@npr.org,351-80-4527,8014560616,2
Jefferson,Mouan,jmouancc@yandex.ru,345-51-3605,8012728666,2
Mady,McTrusty,mmctrustycd@livejournal.com,333-62-1809,8014905668,2
Wells,Cruse,wcrusece@abc.net.au,147-08-2064,8017479636,2
Becca,Marshfield,bmarshfieldcf@gizmodo.com,322-55-9081,8012473963,2
Cathleen,Skoggins,cskogginscg@fastcompany.com,828-59-2625,8018880424,2
Feodora,McKinn,fmckinnch@youtu.be,279-14-9225,8014656248,2
Junette,Slot,jslotci@istockphoto.com,243-73-6466,8014697754,2
Daveta,Fielding,dfieldingcj@vinaora.com,172-23-9301,8012603038,2
Cleopatra,Ramshaw,cramshawck@epa.gov,383-32-2690,8016536240,2
Delmore,Gorst,dgorstcl@accuweather.com,608-67-6045,8012005859,2
Massimiliano,Cregg,mcreggcm@va.gov,179-62-6488,8016869637,2
Gabriellia,Hattersley,ghattersleycn@dailymotion.com,556-01-8697,8016378506,2
Giselle,Thiem,gthiemco@state.tx.us,282-04-5980,8018572091,2
Bunnie,Gayforth,bgayforthcp@1und1.de,725-31-1540,8012838288,2
Charity,De Carteret,cdecarteretcq@disqus.com,304-34-7584,8016949388,2
Baldwin,Ruff,bruffcr@reverbnation.com,572-70-9549,8015799029,2
Jasmin,Picheford,jpichefordcs@marketwatch.com,565-72-6750,8014112414,2
Lilian,Janman,ljanmanct@google.ca,494-49-9765,8017001729,2
Siffre,Lapre,slaprecu@imgur.com,536-38-3937,8011372526,2
Igor,St Ange,istangecv@plala.or.jp,333-32-2606,8014319057,2
Carl,Lansly,clanslycw@google.ru,376-93-3187,8011768007,2
Dede,Alfonzo,dalfonzocx@gizmodo.com,346-06-7119,8012180149,2
Mabel,Rieger,mriegercy@narod.ru,868-40-4357,8011233657,2
Quintilla,Jancey,qjanceycz@usgs.gov,247-33-2250,8015813374,2
Melisandra,Lawday,mlawdayd0@wordpress.com,112-12-4735,8019914127,2
Sterling,Kells,skellsd1@fastcompany.com,752-69-3740,8017770611,2
Perry,Brugsma,pbrugsmad2@networkadvertising.org,373-19-3461,8012026336,2
Ardeen,Poyle,apoyled3@opera.com,600-55-1499,8017254132,2
Corabella,Lewsam,clewsamd4@netscape.com,344-28-5582,8011640721,2
Stanford,Caughey,scaugheyd5@yolasite.com,702-30-5239,8012147848,2
Laird,Kirkbride,lkirkbrided6@ed.gov,321-42-3790,8018389838,2
Ethelin,Kornilyev,ekornilyevd7@plala.or.jp,547-03-0116,8015125006,2
Janette,Mason,jmasond8@sina.com.cn,540-42-8843,8015372872,2
Ange,McKennan,amckennand9@java.com,280-27-9393,8019285794,2
Jeanette,Finch,jfinchda@google.cn,669-02-1729,8014641254,2
Ethelin,Dybald,edybalddb@sciencedirect.com,634-01-5408,8019092830,2
Coral,Center,ccenterdc@clickbank.net,467-90-4478,8011110298,2
Chevalier,Olorenshaw,colorenshawdd@soup.io,657-57-4052,8017894061,2
Bordy,Ottewell,bottewellde@bizjournals.com,374-07-2799,8012358574,2
Emmy,Piddlehinton,epiddlehintondf@sina.com.cn,618-35-1088,8018234992,2
Fey,Libero,fliberodg@geocities.com,687-38-7888,8017384965,2
Bess,Hirche,bhirchedh@blog.com,649-20-1591,8011094577,2
Ezra,Southerden,esoutherdendi@hatena.ne.jp,742-48-7131,8011719865,2
Bonnibelle,Reveley,breveleydj@ebay.com,388-40-5809,8017496376,2
Sandy,Ledwidge,sledwidgedk@e-recht24.de,120-43-1330,8015825311,2
Giovanna,Fitch,gfitchdl@msu.edu,685-33-1087,8012848714,2
Alfredo,Walewicz,awalewiczdm@spotify.com,270-39-9676,8019626231,2
Thurston,Albutt,talbuttdn@t.co,365-75-1055,8017725931,2
Jodie,McCabe,jmccabedo@pcworld.com,337-87-9891,8019541690,2
Peterus,Harragin,pharragindp@nps.gov,217-08-2242,8011149633,2
Rici,Werndley,rwerndleydq@usatoday.com,811-13-4071,8018016147,2
Alta,Drought,adroughtdr@naver.com,770-12-1390,8016369944,2
Maggi,Willmore,mwillmoreds@vimeo.com,445-62-6785,8015550701,2
Dayna,Lucken,dluckendt@nsw.gov.au,197-99-2498,8019146751,2
Hasheem,Plante,hplantedu@microsoft.com,464-20-3145,8015234341,2
Delaney,Sandal,dsandaldv@forbes.com,872-67-1327,8018530956,2
Salaidh,Reckhouse,sreckhousedw@google.es,249-35-2559,8019775197,2
Eartha,Gorry,egorrydx@marriott.com,664-86-2009,8012534425,2
Ario,Flewin,aflewindy@aol.com,527-43-6109,8017924341,2
Katinka,Leschelle,kleschelledz@trellian.com,839-69-7236,8012044279,2
Kin,Curbishley,kcurbishleye0@t.co,205-41-8273,8012608483,2
Dotty,Mapledoore,dmapledooree1@hud.gov,404-50-0993,8011565718,2
Lorie,Gooch,lgooche2@fda.gov,422-85-1366,8012095380,2
Dennet,Dowers,ddowerse3@ifeng.com,624-42-4147,8011093298,2
Hogan,Crampin,hcrampine4@unicef.org,446-68-4567,8015153177,2
Wolf,Althrope,walthropee5@moonfruit.com,143-54-9047,8014399604,2
Rey,Mortell,rmortelle6@arizona.edu,185-91-3569,8016985121,2
Axe,Gumn,agumne7@oracle.com,366-93-9624,8019563858,2
Dominic,McHardy,dmchardye8@php.net,426-47-9036,8011554225,2
Richardo,Figgen,rfiggene9@blogs.com,271-89-3691,8013503174,2
Leoline,Macallam,lmacallamea@tripadvisor.com,351-50-6292,8012364516,2
Burty,Varndall,bvarndalleb@upenn.edu,284-61-3147,8019003808,2
Yehudi,Goaley,ygoaleyec@zimbio.com,225-04-6951,8015742290,2
Ilaire,Vescovo,ivescovoed@yahoo.com,350-35-0043,8014252404,2
Berry,Dran,bdranee@bloglovin.com,163-02-0879,8016617356,2
Cyndia,Flippen,cflippenef@hexun.com,198-89-0514,8014867250,2
Tracey,Kent,tkenteg@wikipedia.org,224-43-4079,8016804288,2
Terri,Celli,tcellieh@comsenz.com,710-26-0642,8018429522,2
Kriste,Wilcher,kwilcherei@opensource.org,386-45-3963,8015783677,2
Catharine,Touson,ctousonej@mozilla.com,450-83-1063,8011514536,2
Lorelle,Haukey,lhaukeyek@cpanel.net,413-05-9225,8013983381,2
Hamish,Dalyiel,hdalyielel@dailymotion.com,637-39-1493,8019223003,2
Kattie,Bernardino,kbernardinoem@theglobeandmail.com,185-63-5057,8018559771,2
Aryn,Febvre,afebvreen@stumbleupon.com,479-27-4377,8017212268,2
Drona,Toderbrugge,dtoderbruggeeo@dailymotion.com,268-91-5263,8011678984,2
Kally,Kinghorne,kkinghorneep@apple.com,659-64-6836,8016227574,2
Arlyn,Gorgen,agorgeneq@cbc.ca,484-92-7121,8011298175,2
Halimeda,Van Hesteren,hvanhesterener@google.cn,881-47-1064,8019133298,2
Deloria,Sausman,dsausmanes@cdc.gov,840-96-9852,8014446762,2
Piggy,Tender,ptenderet@bing.com,184-77-4056,8013632387,2
Rafaela,D'Adamo,rdadamoeu@ebay.com,663-56-8849,8012437343,2
Guendolen,Riglar,griglarev@pinterest.com,373-11-0812,8017348457,2
Maria,Loggie,mloggieew@zimbio.com,239-47-0772,8017547018,2
Gay,Bleacher,gbleacherex@marketwatch.com,401-40-7850,8018320883,2
Emilia,Riquet,eriquetey@cdbaby.com,288-77-6729,8011167016,2
Homerus,Gazzard,hgazzardez@ning.com,775-57-5983,8014714337,2
Lula,Haith,lhaithf0@xinhuanet.com,868-12-3714,8013029391,2
Odelinda,Sizey,osizeyf1@google.ru,545-35-0023,8012656393,2
Roderick,Govan,rgovanf2@disqus.com,859-39-5890,8012558433,2
Marcille,Oiller,moillerf3@elegantthemes.com,867-22-0019,8016083529,2
Carey,Enrigo,cenrigof4@yandex.ru,143-93-1327,8012470039,2
Rancell,Gauden,rgaudenf5@phpbb.com,411-15-7386,8016894431,2
Angel,Shee,asheef6@dailymotion.com,100-85-0559,8014226166,2
Maddalena,Voice,mvoicef7@mozilla.org,597-50-9668,8012821644,2
Skell,Edwins,sedwinsf8@godaddy.com,371-90-8239,8018669710,2
Garwood,Paskerful,gpaskerfulf9@apple.com,566-64-7164,8012701226,2
Rocky,Bayford,rbayfordfa@clickbank.net,267-51-7817,8016575204,2
Maurise,Godlonton,mgodlontonfb@oaic.gov.au,668-94-5209,8014754002,2
Meier,Garlic,mgarlicfc@freewebs.com,244-63-3338,8013180078,2
Tiffie,Sommerland,tsommerlandfd@patch.com,547-39-7531,8017366815,2
Lucia,Flucker,lfluckerfe@geocities.jp,698-61-1883,8015215899,2
Adara,Houseman,ahousemanff@redcross.org,580-80-4058,8012373770,2
Sheeree,McCurry,smccurryfg@kickstarter.com,232-31-5518,8015667633,2
Meggi,Vyse,mvysefh@who.int,426-72-3243,8017141275,2
Conn,Sorro,csorrofi@geocities.com,234-85-8017,8017164312,2
Eliot,Latliff,elatlifffj@elegantthemes.com,484-70-4677,8013213932,2
Clay,Gullefant,cgullefantfk@mapy.cz,669-62-2304,8015241078,2
Dulcie,Murley,dmurleyfl@tinypic.com,439-22-6199,8016710486,2
Jewel,Jirik,jjirikfm@gmpg.org,747-55-4460,8013961039,2
Dulcine,Arkin,darkinfn@wordpress.com,326-93-8305,8017991399,2
Erin,Stinchcombe,estinchcombefo@youtube.com,672-50-9738,8017260495,2
Pernell,Whitnall,pwhitnallfp@elegantthemes.com,759-93-2713,8013585187,2
Lynn,Shelliday,lshellidayfq@economist.com,120-03-8251,8011632912,2
Cullin,Hallad,challadfr@go.com,638-15-5514,8019191832,2
Alexei,Attow,aattowfs@theglobeandmail.com,474-41-8696,8018386655,2
Sherrie,Lenahan,slenahanft@i2i.jp,106-14-7161,8016621024,2
Sarina,Lassells,slassellsfu@nbcnews.com,196-90-9779,8015058954,2
Cosmo,Aldwinckle,caldwincklefv@infoseek.co.jp,162-33-3760,8014957847,2
Willyt,Thirlwell,wthirlwellfw@e-recht24.de,394-55-7071,8014665556,2
Reena,Fourman,rfourmanfx@cam.ac.uk,635-12-6999,8012594024,2
Salomo,Leebetter,sleebetterfy@alexa.com,112-23-8435,8013981974,2
Yvon,Rann,yrannfz@geocities.jp,578-94-0335,8011759170,2
Jeremias,Kellick,jkellickg0@sohu.com,685-20-1127,8014324737,2
Bobinette,Sellors,bsellorsg1@bloomberg.com,737-48-6014,8015552041,2
Freeman,Leaning,fleaningg2@admin.ch,757-42-6149,8014832638,2
Jana,Abrahmovici,jabrahmovicig3@nasa.gov,785-28-5607,8017471780,2
Dasya,Cracker,dcrackerg4@cnet.com,246-72-3327,8018247986,2
Gal,Gunner,ggunnerg5@typepad.com,657-30-5702,8013449174,2
Hebert,Wolfe,hwolfeg6@mit.edu,786-49-5468,8019197858,2
Livvy,Tarbert,ltarbertg7@umn.edu,138-83-2396,8016377901,2
Kalinda,Haborn,khaborng8@geocities.com,598-75-5368,8014975343,2
Richart,Filyukov,rfilyukovg9@csmonitor.com,506-22-6937,8013145777,2
Gussi,Gaskell,ggaskellga@alibaba.com,819-35-4685,8018820799,2
Moises,Braitling,mbraitlinggb@comcast.net,442-07-5355,8014166011,2
Lilith,Disbrey,ldisbreygc@samsung.com,675-87-8595,8015703097,2
Amye,Oluwatoyin,aoluwatoyingd@wikia.com,769-91-4712,8015408451,2
Mariana,Cherrie,mcherriege@lulu.com,518-79-7940,8019035199,2
Nikolia,Barlass,nbarlassgf@behance.net,804-11-7606,8013023098,2
Consuelo,Beardwood,cbeardwoodgg@archive.org,493-51-6567,8015264296,2
Terri,Lendon,tlendongh@furl.net,781-20-7579,8017585956,2
Dev,Rau,draugi@paginegialle.it,230-35-3117,8012838800,2
Georg,Georgius,ggeorgiusgj@npr.org,650-03-9455,8014335588,2
Graig,Cicco,gciccogk@europa.eu,786-01-9276,8014011338,2
Rad,Bridell,rbridellgl@clickbank.net,767-78-6496,8013800787,2
Timmy,McKern,tmckerngm@github.io,357-57-5761,8018695379,2
Leeanne,Fearenside,lfearensidegn@bloglines.com,612-66-9136,8018852660,2
Tito,Heggie,theggiego@fema.gov,311-49-0172,8019737842,2
Claiborne,Skirling,cskirlinggp@independent.co.uk,611-44-8487,8016524623,2
Claudina,Smieton,csmietongq@soup.io,698-78-1761,8011377630,2
Anna,Goodall,agoodallgr@google.co.uk,757-61-6003,8014002443,2
Hammad,Stanney,hstanneygs@thetimes.co.uk,197-94-0134,8013155548,2
Phelia,Callen,pcallengt@ihg.com,508-96-5460,8017155433,2
Vonnie,Dearlove,vdearlovegu@slideshare.net,144-09-2599,8015481431,2
Matilda,Girone,mgironegv@berkeley.edu,536-80-9287,8014275272,2
Milicent,Mabson,mmabsongw@bloglovin.com,129-97-9716,8013158616,2
Milena,Harbidge,mharbidgegx@gmpg.org,815-35-3693,8015757637,2
Dacie,McNirlan,dmcnirlangy@techcrunch.com,114-45-6909,8017989160,2
Teodorico,Rawet,trawetgz@youku.com,574-51-2099,8012635854,2
Cele,Abramovici,cabramovicih0@opensource.org,659-05-0845,8016330622,2
Tommie,Abbyss,tabbyssh1@independent.co.uk,561-57-5477,8014543729,2
Cheryl,Kesey,ckeseyh2@umich.edu,174-87-6361,8016706315,2
Knox,Fradson,kfradsonh3@ehow.com,244-24-1958,8015371253,2
Babara,Harroll,bharrollh4@cnn.com,812-43-2291,8011170638,2
Kynthia,Werrett,kwerretth5@huffingtonpost.com,443-17-9088,8018699579,2
Cozmo,Busse,cbusseh6@whitehouse.gov,641-75-7516,8019470297,2
Gretal,Ferro,gferroh7@paypal.com,392-13-2392,8018499043,2
Dinnie,Ciobotaro,dciobotaroh8@nymag.com,697-21-9479,8013588322,2
Bert,Turrell,bturrellh9@yellowbook.com,888-95-0761,8018866935,2
Chrystel,Waszczyk,cwaszczykha@trellian.com,505-48-4677,8016650325,2
Dannel,Franc,dfranchb@epa.gov,328-55-3400,8014183747,2
Roselin,Tapenden,rtapendenhc@amazon.de,567-27-6555,8014330743,2
Brand,Ornells,bornellshd@netscape.com,502-69-6601,8011769428,2
Rhett,Bratley,rbratleyhe@google.com.hk,263-78-0411,8018759094,2
Ephraim,Flageul,eflageulhf@diigo.com,138-09-4346,8017039625,2
Junie,Tenaunt,jtenaunthg@google.com.hk,805-89-3176,8014926222,2
Ofella,Grice,ogricehh@a8.net,130-30-4882,8011161942,2
Jackson,Ketchen,jketchenhi@senate.gov,447-93-0239,8019590551,2
Sheela,Janos,sjanoshj@t.co,105-77-3138,8011212184,2
Mahmoud,Dmisek,mdmisekhk@4shared.com,246-63-0644,8012684329,2
Marty,Waiting,mwaitinghl@bing.com,657-77-2022,8012830610,2
Addi,Lackie,alackiehm@360.cn,199-20-4036,8011219888,2
Dagmar,Wharin,dwharinhn@vkontakte.ru,661-80-5411,8015378182,2
Niccolo,Moisey,nmoiseyho@phpbb.com,232-14-3307,8015695885,2
Peg,Childrens,pchildrenshp@comcast.net,641-75-5094,8019592814,2
Fleur,Cleal,fclealhq@gnu.org,612-68-2829,8019003555,2
Legra,Dargan,ldarganhr@nbcnews.com,702-07-7507,8017745626,2
Sallyanne,Haythorn,shaythornhs@plala.or.jp,320-45-4982,8017832960,2
Albie,Cook,acookht@surveymonkey.com,893-90-0542,8016297188,2
Xymenes,Croxon,xcroxonhu@goo.ne.jp,845-91-5394,8016579243,2
Danya,Schroeder,dschroederhv@addthis.com,881-52-9151,8011053774,2
Jania,Sneesbie,jsneesbiehw@exblog.jp,102-67-4884,8013748873,2
Domeniga,Lepper,dlepperhx@cisco.com,159-18-4314,8014823613,2
Iolanthe,Seefeldt,iseefeldthy@ocn.ne.jp,691-50-6927,8015884779,2
Daisie,Baron,dbaronhz@alexa.com,779-74-4932,8019148082,2
Nariko,Jakoubec,njakoubeci0@booking.com,720-17-7815,8013197985,2
Leonhard,Goodin,lgoodini1@unc.edu,265-99-1967,8016768695,2
Dickie,Steinor,dsteinori2@ftc.gov,499-87-1625,8017999328,2
Craig,Ruffler,cruffleri3@shareasale.com,693-30-5722,8015923161,2
Wiatt,Pluthero,wplutheroi4@psu.edu,210-50-8364,8013870960,2
Lombard,Collop,lcollopi5@so-net.ne.jp,522-62-9335,8013654147,2
Gareth,Whate,gwhatei6@howstuffworks.com,524-36-9981,8016983773,2
Merilee,Kaminski,mkaminskii7@about.com,515-90-2210,8017421602,2
Gusti,Corbitt,gcorbitti8@linkedin.com,279-52-8275,8017766668,2
Andromache,Heritege,aheritegei9@e-recht24.de,349-23-3083,8017000611,2
Corrina,Huggins,chugginsia@umich.edu,530-69-0661,8017110495,2
Hildy,Brotherick,hbrotherickib@redcross.org,703-72-0755,8016138997,2
Lou,Edie,ledieic@unesco.org,449-84-9807,8014751479,2
Rana,Marchington,rmarchingtonid@statcounter.com,178-85-1402,8013467424,2
Sheri,Tremblay,stremblayie@last.fm,895-95-7279,8017743453,2
Olivie,Francesco,ofrancescoif@scientificamerican.com,852-83-3220,8013720389,2
Callida,Shafe,cshafeig@exblog.jp,773-88-6588,8019946892,2
Monroe,Rentoll,mrentollih@tinyurl.com,591-83-8707,8012892153,2
Warren,Drinkhall,wdrinkhallii@marriott.com,888-70-7022,8016560158,2
Lorain,Palethorpe,lpalethorpeij@google.co.uk,636-40-7280,8019017997,2
Enriqueta,Grishin,egrishinik@so-net.ne.jp,426-88-2788,8011150757,2
Celle,Culshew,cculshewil@ning.com,227-60-4938,8015455463,2
Elnora,Laise,elaiseim@slate.com,408-93-9534,8015186586,2
Connie,Bernardinelli,cbernardinelliin@slashdot.org,847-52-4983,8016665612,2
Lishe,Simioli,lsimioliio@newsvine.com,209-21-4275,8019033505,2
Afton,Riditch,ariditchip@marketwatch.com,601-08-5306,8015407755,2
Bertrando,Guitton,bguittoniq@icq.com,408-83-9693,8013325327,2
Lilian,Forten,lfortenir@hugedomains.com,333-37-9430,8014527325,2
Hastings,Lyfield,hlyfieldis@odnoklassniki.ru,500-71-3758,8019839936,2
Anselma,Liquorish,aliquorishit@soundcloud.com,441-96-1428,8013105094,2
Lise,Iannuzzelli,liannuzzelliiu@businessinsider.com,552-46-5436,8016556457,2
Gran,De Hoogh,gdehooghiv@dedecms.com,579-89-2995,8019203196,2
Samson,Atwell,satwelliw@amazonaws.com,879-26-1585,8012284094,2
Geordie,MacMearty,gmacmeartyix@google.ca,574-26-8457,8018354466,2
Austen,Charnock,acharnockiy@feedburner.com,358-84-1705,8013068379,2
Tammara,Osmund,tosmundiz@ow.ly,178-31-5663,8011218695,2
Juliette,Goodright,jgoodrightj0@qq.com,180-48-8861,8011097422,2
Bliss,Binder,bbinderj1@cyberchimps.com,854-60-0750,8013738877,2
Wye,Northidge,wnorthidgej2@printfriendly.com,463-50-6854,8016108163,2
Charline,Croom,ccroomj3@sbwire.com,477-33-7665,8019797459,2
Hertha,Dorkin,hdorkinj4@jigsy.com,570-91-5420,8019292618,2
Jule,Jeffreys,jjeffreysj5@zdnet.com,366-80-1810,8016372587,2
Roscoe,Leggott,rleggottj6@histats.com,100-54-2135,8019704131,2
Genny,Gerardeaux,ggerardeauxj7@dailymail.co.uk,299-08-3603,8011194367,2
El,Cardnell,ecardnellj8@disqus.com,849-20-7310,8013163625,2
Leanor,Giacomello,lgiacomelloj9@hhs.gov,215-06-0599,8012901103,2
Kerwinn,Purslow,kpurslowja@instagram.com,762-86-1326,8013665851,2
Ignaz,Besset,ibessetjb@ihg.com,534-99-1361,8013695554,2
Merrily,Woodfine,mwoodfinejc@columbia.edu,832-68-7904,8017285639,2
Whitney,Jaffrey,wjaffreyjd@networkadvertising.org,766-42-1757,8014501183,2
Rainer,D'Hooghe,rdhoogheje@jiathis.com,874-73-3835,8018584145,2
Sib,Ordidge,sordidgejf@ucoz.com,778-71-8674,8012618403,2
Rupert,Flello,rflellojg@boston.com,504-19-8329,8019515105,2
Meghann,Haborn,mhabornjh@addtoany.com,120-98-9812,8011880834,2
Hunfredo,Sturdgess,hsturdgessji@ask.com,409-46-4933,8015063935,2
Monika,Fawdry,mfawdryjj@globo.com,491-57-4337,8012605211,2
Clemmie,Labat,clabatjk@constantcontact.com,658-27-4326,8011914685,2
Jada,Priver,jpriverjl@craigslist.org,796-93-0858,8013641848,2
Glennis,Starling,gstarlingjm@home.pl,838-10-1878,8015663362,2
Cori,Robers,crobersjn@jiathis.com,887-12-4833,8017150447,2
Bernete,Heijne,bheijnejo@bloomberg.com,310-12-4929,8015175321,2
Adlai,Dorrell,adorrelljp@amazon.de,125-72-9801,8014169215,2
Vicky,Caulton,vcaultonjq@narod.ru,140-98-9712,8011044436,2
Lebbie,Hairon,lhaironjr@vinaora.com,896-93-7024,8011293003,2
Colline,Dellenbach,cdellenbachjs@4shared.com,744-66-5693,8013874343,2
Pedro,Giorgio,pgiorgiojt@google.co.uk,610-76-7002,8015204548,2
Tobin,Matushenko,tmatushenkoju@unblog.fr,245-32-5826,8015059696,2
Bronnie,Illes,billesjv@thetimes.co.uk,466-60-1349,8019705731,2
Neill,Selway,nselwayjw@vinaora.com,488-13-5845,8016949060,2
Leonard,Anscombe,lanscombejx@economist.com,194-60-5765,8012890428,2
Bernette,Bernholt,bbernholtjy@intel.com,773-88-0044,8011853466,2
Iggy,Peaseman,ipeasemanjz@bloglines.com,767-24-1487,8016937309,2
Terrie,Garnar,tgarnark0@nsw.gov.au,307-44-2392,8017440436,2
Friedrick,Sherrum,fsherrumk1@foxnews.com,820-49-6532,8019705390,2
Vite,Scamerdine,vscamerdinek2@de.vu,354-04-0189,8014721322,2
Reinaldos,Lebrun,rlebrunk3@macromedia.com,230-57-0409,8016546842,2
Stafford,Fabb,sfabbk4@deviantart.com,152-14-0469,8018115680,2
Clari,Wallett,cwallettk5@miitbeian.gov.cn,569-98-1343,8013487666,2
Sonni,Cordero,scorderok6@biglobe.ne.jp,453-14-7540,8018107519,2
Lelah,Jupp,ljuppk7@angelfire.com,770-73-3241,8011133943,2
Renell,Hackin,rhackink8@wunderground.com,247-46-7060,8016401551,2
Colly,Van Son,cvansonk9@naver.com,462-09-5886,8011078080,2
Clemmie,Gudgion,cgudgionka@woothemes.com,872-53-7815,8013579440,2
Alisa,Boncore,aboncorekb@weather.com,357-54-0826,8014805060,2
Trenton,Dullingham,tdullinghamkc@posterous.com,585-70-0514,8019256055,2
Tedi,Dunstall,tdunstallkd@howstuffworks.com,439-61-9202,8015098699,2
Marieann,Blazey,mblazeyke@usa.gov,410-77-7325,8014735718,2
Iona,Dominka,idominkakf@surveymonkey.com,203-45-1727,8019947888,2
Ulrick,Pampling,upamplingkg@msu.edu,449-84-4017,8018168452,2
Barny,Hynam,bhynamkh@ezinearticles.com,581-92-2928,8018952845,2
Mikol,Fife,mfifeki@domainmarket.com,743-37-5010,8012206235,2
Neils,Wann,nwannkj@tiny.cc,765-55-4069,8012231370,2
Steffane,Heinemann,sheinemannkk@howstuffworks.com,416-65-4695,8014159248,2
Almeda,Sloy,asloykl@pcworld.com,243-42-5493,8011825088,2
Sancho,Woolgar,swoolgarkm@irs.gov,574-25-5037,8018652124,2
Gabriel,Morville,gmorvillekn@de.vu,746-78-3347,8015605703,2
Cam,Chesnay,cchesnayko@gmpg.org,894-29-1860,8012780201,2
Ingrid,Lockyear,ilockyearkp@biblegateway.com,538-71-3214,8013681248,2
Chilton,Skelhorne,cskelhornekq@amazon.co.jp,772-83-6910,8013765769,2
Loralie,Lowson,llowsonkr@census.gov,205-61-0652,8017302333,2
Grady,Ransley,gransleyks@google.es,260-27-5141,8019114320,2
Jacinda,Wordsworth,jwordsworthkt@arstechnica.com,747-93-7200,8019270802,2
Daloris,Waddicor,dwaddicorku@blogger.com,414-48-3580,8012833954,2
Anson,Fairpool,afairpoolkv@google.com.hk,540-31-1849,8012775862,2
Aleda,Dubber,adubberkw@creativecommons.org,234-04-7120,8018114851,2
Elijah,Heindle,eheindlekx@ifeng.com,183-05-9773,8013922104,2
Emma,Lawlings,elawlingsky@dion.ne.jp,240-70-8890,8018135660,2
Marlo,Courtois,mcourtoiskz@howstuffworks.com,527-18-1277,8016866950,2
Joete,Boules,jboulesl0@washingtonpost.com,169-60-1448,8019816237,2
Corrinne,Sprake,csprakel1@jugem.jp,883-98-2627,8018859202,2
Gisele,Dalliston,gdallistonl2@dyndns.org,816-61-0460,8013194496,2
Zolly,Behnecke,zbehneckel3@amazon.de,531-45-8201,8017605217,2
Cathi,Danes,cdanesl4@multiply.com,677-63-5804,8011681115,2
Aurelie,Kelly,akellyl5@dailymotion.com,818-76-2380,8016836354,2
Gina,Smeath,gsmeathl6@lulu.com,879-49-4981,8011212018,2
Irvin,Louch,ilouchl7@youtu.be,316-34-6657,8013179323,2
Babara,Brusle,bbruslel8@ted.com,462-17-3335,8012237942,2
Alysa,Gun,agunl9@spiegel.de,368-22-0073,8012957415,2
Camey,Judson,cjudsonla@virginia.edu,197-78-5561,8017159715,2
Arlin,Romao,aromaolb@taobao.com,275-03-9002,8019523875,2
Ryun,Coldicott,rcoldicottlc@deviantart.com,177-75-8472,8016692427,2
Melantha,Worlock,mworlockld@g.co,593-88-2988,8019229411,2
Dermot,Freiberg,dfreibergle@unblog.fr,797-13-6365,8019242449,2
Nikolos,Meneyer,nmeneyerlf@cdbaby.com,532-74-3757,8018981373,2
Sher,Pietesch,spieteschlg@va.gov,416-42-5704,8018225921,2
Emelen,Gallon,egallonlh@vimeo.com,447-54-0983,8015662487,2
Moina,Brecher,mbrecherli@usa.gov,639-92-3832,8018724667,2
Delainey,Chretien,dchretienlj@360.cn,420-36-9546,8011394088,2
Nancey,Olliff,nollifflk@nasa.gov,286-64-7908,8018595151,2
Anestassia,Cutting,acuttingll@edublogs.org,506-27-9328,8016991139,2
Roxy,Danks,rdankslm@ameblo.jp,783-45-6069,8019832861,2
Horatius,Skouling,hskoulingln@gnu.org,112-30-3178,8015908845,2
Randal,Andriulis,randriulislo@i2i.jp,889-01-2107,8017432517,2
Sissie,Suarez,ssuarezlp@odnoklassniki.ru,833-96-7806,8011296715,2
Jacquenette,Prescot,jprescotlq@yandex.ru,817-74-1914,8019006635,2
Jaime,Drain,jdrainlr@ucoz.ru,317-67-5219,8019785068,2
Jordan,Blackborne,jblackbornels@usgs.gov,182-32-9687,8014293407,2
Karlotte,Olford,kolfordlt@columbia.edu,873-58-9545,8017390432,2
Beryle,Holston,bholstonlu@alibaba.com,329-72-3284,8012961412,2
Glen,Digginson,gdigginsonlv@constantcontact.com,184-85-3273,8017380020,2
Micheal,Scottesmoor,mscottesmoorlw@ucsd.edu,605-42-2595,8017547813,2
Barris,Wank,bwanklx@ow.ly,192-36-1940,8015731598,2
Baird,Kolodziejski,bkolodziejskily@squarespace.com,116-25-0073,8016995533,2
Arline,Halston,ahalstonlz@google.de,675-75-1464,8011859712,2
Sallyann,Segebrecht,ssegebrechtm0@mapquest.com,860-96-3986,8012036247,2
Keefer,McLae,kmclaem1@usnews.com,227-19-2713,8016215402,2
Beatrisa,Plose,bplosem2@goo.ne.jp,352-33-0769,8012140782,2
Adrian,Laneham,alanehamm3@comsenz.com,570-12-6299,8015286097,2
Shawna,Sabberton,ssabbertonm4@aol.com,303-57-0566,8016945978,2
Jacquelynn,Tithacott,jtithacottm5@cnn.com,232-26-3702,8017053362,2
Olympia,Kemble,okemblem6@wikia.com,790-82-0563,8019535940,2
Briana,Durrell,bdurrellm7@howstuffworks.com,530-07-0714,8016976531,2
Emlyn,Rumsey,erumseym8@dot.gov,279-75-6907,8017046365,2
Rowan,Grzegorczyk,rgrzegorczykm9@deliciousdays.com,302-19-6863,8019435126,2
Roby,Boshers,rboshersma@livejournal.com,449-35-2843,8011776249,2
Sofia,Ruppert,sruppertmb@lycos.com,722-33-2835,8015426930,2
Lyndy,Dufour,ldufourmc@forbes.com,312-89-4368,8016508155,2
Caspar,Eadmead,ceadmeadmd@economist.com,365-41-3435,8015265056,2
Gwendolen,Treadgall,gtreadgallme@sohu.com,243-05-0255,8011220464,2
Wilden,Kingsbury,wkingsburymf@vimeo.com,869-54-9857,8016947079,2
Heall,Ostler,hostlermg@toplist.cz,398-99-6667,8016389448,2
Mora,Colin,mcolinmh@ocn.ne.jp,560-69-9406,8017496255,2
Etheline,Drakes,edrakesmi@ycombinator.com,130-69-6789,8017586912,2
Gayla,Barwood,gbarwoodmj@arizona.edu,684-87-5744,8014567380,2
Minni,Duchasteau,mduchasteaumk@myspace.com,288-79-9485,8017872550,2
Elsa,Cometson,ecometsonml@vk.com,111-49-8685,8016947687,2
Meggy,De Banke,mdebankemm@trellian.com,892-23-1803,8017581443,2
Leland,Ivanin,livaninmn@dot.gov,411-73-5145,8018902922,2
Ellette,Galland,egallandmo@guardian.co.uk,776-91-0652,8016355316,2
Aleta,Clougher,acloughermp@behance.net,626-19-3395,8018458598,2
Emmye,Wiggins,ewigginsmq@webs.com,707-48-1111,8017673782,2
Haleigh,Chiddy,hchiddymr@ucsd.edu,599-30-4806,8018181243,2
Shayna,Montier,smontierms@de.vu,398-14-8003,8015885598,2
Even,Keling,ekelingmt@go.com,298-93-1926,8018459652,2
Colleen,Coppock.,ccoppockmu@intel.com,781-17-9321,8015739907,2
Billie,Ingrem,bingremmv@flickr.com,830-92-3712,8013286133,2
Ingeberg,Collens,icollensmw@discovery.com,692-27-7391,8014417497,2
Mirelle,Ewbanck,mewbanckmx@hubpages.com,678-38-6785,8018537763,2
Erina,Lafoy,elafoymy@mashable.com,467-98-4409,8016062044,2
Antonio,Fell,afellmz@slashdot.org,219-47-9536,8012757631,2
Annaliese,Mordie,amordien0@chron.com,433-66-6719,8018811366,2
Alfy,McVitie,amcvitien1@ycombinator.com,221-56-0338,8018216064,2
Artus,Pocknell,apocknelln2@mapy.cz,508-36-8827,8017008308,2
Marcello,Wasteney,mwasteneyn3@sohu.com,617-66-2222,8013347978,2
Neille,Clampin,nclampinn4@arizona.edu,374-58-9475,8011054061,2
Odey,Louch,olouchn5@flickr.com,719-76-7670,8012634510,2
Reilly,Baseggio,rbaseggion6@blinklist.com,333-62-9121,8017241855,2
Catie,Edmeades,cedmeadesn7@cyberchimps.com,264-70-9520,8017157666,2
Charleen,Maddison,cmaddisonn8@chron.com,612-34-8954,8017447327,2
Albert,Agget,aaggetn9@ustream.tv,361-89-9586,8014480542,2
Happy,Franzelini,hfranzelinina@mac.com,795-65-3237,8012615910,2
Brigitte,Pettigree,bpettigreenb@hud.gov,778-95-7582,8014362051,2
Clark,Pettegree,cpettegreenc@booking.com,782-83-9506,8011827805,2
Alberto,Petyt,apetytnd@bing.com,695-76-4567,8019773993,2
Shanta,Pheasey,spheaseyne@dailymotion.com,239-14-8761,8013079229,2
Paulette,Casaroli,pcasarolinf@people.com.cn,575-19-0192,8013932311,2
Cord,Coverlyn,ccoverlynng@google.es,134-83-5235,8016563661,2
Sidonnie,Quigg,squiggnh@slate.com,322-16-4179,8019828338,2
Dionisio,Bone,dboneni@dailymotion.com,610-56-9355,8012260047,2
Dulcia,Kall,dkallnj@mac.com,250-90-8462,8019179309,2
Robinette,Bartholin,rbartholinnk@admin.ch,797-46-7127,8012363304,2
Brittne,Purser,bpursernl@redcross.org,665-56-6464,8014215064,2
Marybelle,Ferrillo,mferrillonm@fastcompany.com,203-41-1440,8014643113,2
Therese,Frodsam,tfrodsamnn@blog.com,459-93-7630,8017355411,2
Trista,Sigert,tsigertno@odnoklassniki.ru,243-76-9920,8016504869,2
Muriel,Sharnock,msharnocknp@ebay.com,413-91-6919,8016498909,2
Goldina,McGrirl,gmcgrirlnq@cornell.edu,352-54-5185,8015800091,2
Bobbie,Kirley,bkirleynr@ucoz.ru,883-61-3252,8019900782,2
Thaddus,Vallentin,tvallentinns@cbslocal.com,115-64-0763,8016106318,2
Cory,Bubeer,cbubeernt@bloglovin.com,674-06-0097,8017297885,2
Ashil,Joinsey,ajoinseynu@wunderground.com,750-59-9483,8011892889,2
Lane,Hartless,lhartlessnv@unc.edu,682-72-0749,8013142947,2
Kameko,Wehden,kwehdennw@desdev.cn,271-64-5337,8018448649,2
Betty,Langthorne,blangthornenx@newyorker.com,183-64-6946,8017696544,2
Yvette,McClounan,ymcclounanny@squidoo.com,733-40-2999,8019396842,2
Arlee,Maplethorpe,amaplethorpenz@qq.com,195-65-6874,8015922665,2
Garreth,Hemmingway,ghemmingwayo0@amazonaws.com,158-12-9017,8019445853,2
Milzie,Luca,mlucao1@amazon.com,638-78-8545,8014985591,2
Drud,Tabbernor,dtabbernoro2@123-reg.co.uk,297-14-1933,8017326143,2
Josephina,Gorton,jgortono3@macromedia.com,793-86-0942,8015737298,2
Pearl,Greensall,pgreensallo4@live.com,586-57-6915,8012553424,2
Merridie,Calafato,mcalafatoo5@blogger.com,255-67-4416,8018940064,2
Francine,Fateley,ffateleyo6@eepurl.com,797-77-2888,8016793349,2
Lianne,Witchell,lwitchello7@mlb.com,180-01-7570,8015834731,2
Noami,Scarman,nscarmano8@tripadvisor.com,850-72-9153,8017463517,2
Rebekkah,Theodore,rtheodoreo9@sbwire.com,600-58-2057,8019429723,2
Free,Lis,flisoa@mapquest.com,396-98-3799,8017889735,2
Sybille,Bye,sbyeob@mashable.com,548-70-6947,8015907291,2
Ruttger,Wylam,rwylamoc@webeden.co.uk,764-46-7785,8019962263,2
Elinore,Sharvill,esharvillod@newsvine.com,515-80-3561,8018529764,2
Willdon,Brocklebank,wbrocklebankoe@yahoo.com,314-72-7904,8019292061,2
Elisabet,Wilmot,ewilmotof@slideshare.net,469-38-8117,8014045800,2
Wilfrid,Seaman,wseamanog@mashable.com,789-15-7591,8012867045,2
Berne,Basset,bbassetoh@wsj.com,855-57-6146,8011596633,2
Davita,Diem,ddiemoi@yellowpages.com,362-28-6602,8019208333,2
Koenraad,Beggi,kbeggioj@vinaora.com,772-96-5472,8014122327,2
Orland,Cutmare,ocutmareok@msu.edu,589-75-0162,8011026496,2
Rudiger,Postans,rpostansol@mediafire.com,766-25-8868,8012268024,2
Jonell,Dimitrov,jdimitrovom@bbc.co.uk,722-70-1017,8012955736,2
Shauna,Oblein,sobleinon@prnewswire.com,866-30-9144,8012457109,2
Alwyn,Gimber,agimberoo@elpais.com,454-18-6272,8015012919,2
Sibyl,Albury,salburyop@jimdo.com,458-31-0535,8016406324,2
Leland,Morteo,lmorteooq@discovery.com,612-79-8713,8019466991,2
Danella,Fitzer,dfitzeror@phoca.cz,427-94-6381,8016693163,2
Aaren,Madoc-Jones,amadocjonesos@discovery.com,422-68-0162,8013850299,2
Zeke,Frickey,zfrickeyot@princeton.edu,467-75-7714,8012358763,2
Terza,Vuitton,tvuittonou@ca.gov,760-30-7719,8016419476,2
Lorie,Veregan,lvereganov@google.es,551-10-3292,8015004727,2
Claiborne,Stephens,cstephensow@fastcompany.com,215-47-5861,8018227127,2
Roselia,Pankettman,rpankettmanox@aboutads.info,604-29-9944,8012904996,2
Lillis,Rabbe,lrabbeoy@merriam-webster.com,551-70-0949,8011092243,2
Baryram,Baskerville,bbaskervilleoz@wiley.com,419-33-7275,8014555303,2
Vic,Digle,vdiglep0@facebook.com,546-49-2891,8018723329,2
Millicent,Roo,mroop1@hibu.com,468-52-8666,8018239950,2
Kacy,Yewdell,kyewdellp2@about.me,312-06-4037,8016929098,2
Edgard,Burford,eburfordp3@nasa.gov,833-09-1293,8017487380,2
Jessica,Lanahan,jlanahanp4@stumbleupon.com,135-76-2894,8018715532,2
Nealon,Gocke,ngockep5@github.com,890-53-8339,8017792196,2
Hewe,Strathearn,hstrathearnp6@cnet.com,628-28-1678,8013139788,2
Hadley,Sauvage,hsauvagep7@zdnet.com,672-36-8404,8018047898,2
Shelton,McIlmurray,smcilmurrayp8@walmart.com,551-38-6947,8018238953,2
Wallie,Bosnell,wbosnellp9@independent.co.uk,102-01-4461,8019121051,2
Barn,Autin,bautinpa@mediafire.com,318-02-1378,8014523307,2
Sisely,Pledger,spledgerpb@usnews.com,307-61-5129,8015314023,2
Adeline,Jullian,ajullianpc@over-blog.com,166-62-6611,8016964162,2
Sherrie,Mantram,smantrampd@dot.gov,445-54-4329,8017618637,2
Kristofer,Jeays,kjeayspe@scientificamerican.com,741-72-1808,8011693547,2
Bette-ann,Satterfitt,bsatterfittpf@tinypic.com,607-85-2454,8014073481,2
Jenn,Dahler,jdahlerpg@goo.ne.jp,802-89-7559,8011344934,2
Lyndsey,Swapp,lswappph@dagondesign.com,517-27-9578,8014456469,2
Tammy,Van Leijs,tvanleijspi@arstechnica.com,836-03-9051,8016476400,2
Joshua,Spittal,jspittalpj@github.com,341-79-5369,8015800799,2
Vanni,Youles,vyoulespk@exblog.jp,606-66-6317,8015025568,2
Foss,Broose,fbroosepl@smh.com.au,262-30-6913,8018617407,2
Atlanta,Cline,aclinepm@skyrock.com,677-12-3117,8013479282,2
Abra,MacDougal,amacdougalpn@loc.gov,595-16-2168,8012316731,2
Margarethe,Derry,mderrypo@irs.gov,826-49-1293,8012578864,2
Beulah,Stratley,bstratleypp@pinterest.com,467-44-6446,8016463939,2
Juditha,Cypler,jcyplerpq@whitehouse.gov,560-08-8245,8013069371,2
Annalee,Dikes,adikespr@bloglines.com,314-74-4214,8018899747,2
Edd,Filipic,efilipicps@clickbank.net,175-75-6258,8011775953,2
Franky,Groundwater,fgroundwaterpt@stumbleupon.com,632-09-0553,8016287301,2
Nikita,Cosh,ncoshpu@ovh.net,721-09-1666,8019518828,2
Curtice,Adhams,cadhamspv@addthis.com,581-92-7656,8017267118,2
Dasya,Brandino,dbrandinopw@usgs.gov,102-45-7126,8019982688,2
Griffith,Odhams,godhamspx@ehow.com,563-21-4323,8016251428,2
Conan,Rodda,croddapy@webmd.com,798-47-2307,8014127616,2
Tonie,Andreassen,tandreassenpz@ebay.com,463-23-2074,8013130980,2
Rodolfo,Kluss,rklussq0@archive.org,118-48-9865,8012220336,2
Glenn,Souttar,gsouttarq1@flavors.me,728-46-4023,8011556285,2
Rosy,Theis,rtheisq2@vk.com,869-93-2827,8018365463,2
Ulla,Barzen,ubarzenq3@artisteer.com,325-61-5392,8019718872,2
Marcel,Boon,mboonq4@usgs.gov,752-90-0477,8017536751,2
Lorri,Ratie,lratieq5@discuz.net,593-58-4338,8013632534,2
Cortney,Loffel,cloffelq6@nationalgeographic.com,734-24-6417,8015108346,2
Ofella,Cossum,ocossumq7@who.int,699-40-2469,8012914582,2
Candide,Gerardin,cgerardinq8@cdbaby.com,535-56-7515,8018886034,2
Scot,Picken,spickenq9@reference.com,125-11-9911,8019067090,2
Erich,Neem,eneemqa@privacy.gov.au,227-14-0471,8013638491,2
Kipper,Marchetti,kmarchettiqb@gnu.org,510-80-7560,8016258149,2
Kayle,Tyres,ktyresqc@harvard.edu,350-32-0791,8018128535,2
Kate,McAlester,kmcalesterqd@meetup.com,875-75-6820,8014603117,2
Etienne,Nelthrop,enelthropqe@imdb.com,293-01-3266,8014644374,2
Ronni,Possa,rpossaqf@shutterfly.com,549-13-6643,8015945864,2
Nicole,Featherstonhaugh,nfeatherstonhaughqg@cbsnews.com,485-24-0043,8011030856,2
Shalne,Greaser,sgreaserqh@nymag.com,128-15-2458,8012140029,2
Dorette,Yerby,dyerbyqi@amazon.co.jp,732-36-1180,8015220722,2
Ker,Alford,kalfordqj@go.com,685-97-0573,8015830264,2
Kliment,Conti,kcontiqk@free.fr,367-41-6897,8012265851,2
Foss,Gladstone,fgladstoneql@google.de,414-85-4695,8013733490,2
Tommie,Banfill,tbanfillqm@pbs.org,783-74-3612,8013868512,2
Merlina,Staniford,mstanifordqn@google.com.au,794-84-5337,8012420140,2
Enrico,Croshaw,ecroshawqo@eventbrite.com,555-37-3487,8015165153,2
Jackquelin,Gillivrie,jgillivrieqp@theguardian.com,711-81-8910,8019616034,2
Josephina,Clouston,jcloustonqq@desdev.cn,651-14-8479,8012410773,2
Kylynn,Cretney,kcretneyqr@constantcontact.com,755-85-2981,8017194772,2
Sofie,Bretton,sbrettonqs@slate.com,743-62-1095,8011932889,2
Gifford,Toplis,gtoplisqt@narod.ru,806-81-7909,8014715106,2
Bobby,Bramah,bbramahqu@tinyurl.com,590-11-8988,8016007503,2
Yule,Tunnock,ytunnockqv@parallels.com,477-39-4228,8018911047,2
Dot,Voce,dvoceqw@wordpress.org,813-47-7919,8011490694,2
Zuzana,Gleasane,zgleasaneqx@naver.com,816-07-2926,8017737305,2
Andros,Janodet,ajanodetqy@merriam-webster.com,464-07-8598,8016224869,2
Tabby,Coyish,tcoyishqz@e-recht24.de,652-45-4435,8018025546,2
Abbott,Idle,aidler0@sina.com.cn,495-09-3258,8017945014,2
Hadria,Caslane,hcaslaner1@sakura.ne.jp,759-30-9960,8015640638,2
Broddy,Wudeland,bwudelandr2@chronoengine.com,355-56-8897,8015684942,2
Georg,Bruhnicke,gbruhnicker3@disqus.com,118-43-8528,8018136902,2
Vaughn,Beilby,vbeilbyr4@nyu.edu,371-03-1294,8013683544,2
Lily,Bertwistle,lbertwistler5@bloglovin.com,522-56-9376,8019914362,2
Gradey,Cod,gcodr6@indiegogo.com,102-52-9969,8017791041,2
Thibaut,Attersoll,tattersollr7@prlog.org,118-47-5401,8019874997,2
Raymund,Callister,rcallisterr8@about.com,431-61-8539,8014375230,2
Rina,Ghidoli,rghidolir9@miibeian.gov.cn,537-82-6048,8011578986,2
Creighton,Rousell,crousellra@ox.ac.uk,460-17-8931,8011727737,2
Lisle,Hannay,lhannayrb@nyu.edu,202-68-0662,8015900964,2
Megan,Keepence,mkeepencerc@seattletimes.com,581-11-9758,8013970266,2
Archibald,Whitta,awhittard@howstuffworks.com,529-50-1914,8016186268,2
Florie,Wickens,fwickensre@geocities.jp,280-33-2809,8017460850,2
Kenna,Pridding,kpriddingrf@ihg.com,860-27-6261,8015907187,2
Friederike,Branche,fbrancherg@samsung.com,482-19-9643,8019700099,2
Doria,Sieb,dsiebrh@ow.ly,184-26-5368,8018819215,2
Irving,Henmarsh,ihenmarshri@moonfruit.com,861-87-6511,8014153424,2
Noelyn,MacKnockiter,nmacknockiterrj@sitemeter.com,688-35-3550,8012965299,2
Thorsten,Shurrocks,tshurrocksrk@skype.com,191-86-9397,8012147668,2
Harper,Pellatt,hpellattrl@google.es,326-13-5036,8018668379,2
Philippine,Annakin,pannakinrm@infoseek.co.jp,241-57-6930,8017269330,2
Yorgos,Race,yracern@dagondesign.com,700-33-4781,8018908851,2
Lorilyn,Yankishin,lyankishinro@geocities.com,726-77-0780,8016743143,2
Arlana,Heinzel,aheinzelrp@artisteer.com,540-10-2824,8019959297,2
Udale,Feaver,ufeaverrq@go.com,534-05-0460,8018272353,2
Linette,Ceeley,lceeleyrr@mozilla.com,377-85-0379,8012398941,2
